115,102,99,99,102,106,112,112,112,114,119,119,119,120,122,124,126,124,124,124,122,115,115,141,154,154,154,154,154,154,156,161,166,176,176,176,179,178,179,179,179,182,182,181,181,179,174,174,178,182,185,186,187,187,190,193,193,194,196,197,199,199,200,195,177,184,191,196,198,200,200,201,201,200,200,199,199,203,206,212,212,184,152,152,152,151,151,149,145,137,137,144,190,199,194,194,194,204
115,106,101,101,102,106,106,105,106,112,114,115,118,121,126,126,124,121,121,120,119,120,137,156,157,154,152,152,152,152,156,160,166,176,176,176,175,176,177,177,176,180,179,179,176,176,176,177,183,183,183,182,185,186,186,187,188,193,196,199,199,199,195,186,186,189,191,195,198,199,199,199,200,199,197,197,197,198,201,204,208,199,156,153,151,151,151,149,149,166,191,195,191,199,194,194,204,205
125,110,104,102,105,106,105,105,106,108,111,115,118,121,124,124,124,121,119,119,120,145,149,149,154,152,148,145,141,154,160,161,166,174,175,175,172,171,171,177,181,180,179,173,173,175,176,177,183,182,182,179,178,182,186,185,187,188,193,196,199,190,186,186,186,188,190,191,195,196,196,196,197,197,196,196,196,192,191,198,199,194,181,150,150,151,151,154,185,195,195,193,191,193,204,206,206,205
127,111,105,104,105,105,105,105,108,110,111,112,115,119,124,124,124,121,121,124,146,149,149,145,145,145,145,141,141,159,160,162,166,167,169,169,169,171,171,171,180,179,171,171,173,176,176,177,178,179,179,177,177,179,180,184,185,185,183,179,182,186,186,186,186,188,189,190,193,195,195,194,191,190,192,192,190,189,187,187,188,193,187,161,152,153,178,189,194,195,195,193,193,204,207,204,201,201
128,114,105,105,106,106,107,108,108,111,111,116,119,119,121,124,124,115,124,146,151,149,145,142,142,141,138,138,150,159,160,162,161,162,165,168,169,171,171,171,166,163,171,172,173,175,175,176,177,176,176,175,175,179,181,185,185,183,178,179,181,188,188,188,187,187,188,190,191,193,193,190,187,187,190,190,189,187,186,186,186,188,193,193,179,195,195,194,194,195,198,202,205,205,205,204,201,200
135,123,114,106,106,105,106,108,110,112,113,117,120,124,124,124,114,115,145,149,149,149,145,142,141,141,141,148,153,156,158,159,158,160,164,168,171,171,171,166,163,163,171,172,172,174,175,176,177,176,175,174,175,177,179,184,184,182,181,181,184,186,188,188,187,188,190,191,191,191,185,184,184,184,185,185,186,184,181,181,183,187,192,193,192,196,196,195,194,200,202,203,203,204,202,201,200,200
139,127,123,115,107,105,105,108,108,112,114,117,119,121,121,117,114,139,150,151,147,145,145,142,141,141,148,150,153,153,152,152,157,160,170,170,170,167,166,166,166,167,171,175,175,174,174,174,174,174,174,170,170,175,177,180,183,182,181,181,181,181,186,189,187,187,187,187,185,182,179,177,181,183,183,183,180,180,178,178,179,192,192,192,192,200,200,202,205,207,207,201,201,201,201,200,200,200
146,137,127,123,115,105,105,105,108,110,112,116,118,117,117,117,139,144,147,147,139,139,138,138,141,146,149,153,153,150,148,152,153,160,170,169,169,165,166,169,171,167,167,171,175,175,175,174,174,174,171,169,169,170,176,176,177,180,178,178,179,179,181,186,186,185,184,182,181,180,177,175,172,180,180,180,172,168,168,178,189,189,192,190,192,200,203,204,205,205,200,198,198,199,200,201,201,201
150,139,134,124,115,106,105,105,106,108,111,116,116,115,117,139,144,140,144,139,138,136,137,138,146,149,149,150,150,149,148,149,153,157,160,161,161,161,172,173,172,167,167,169,173,175,175,173,173,169,169,169,169,169,170,173,176,175,176,178,180,181,183,185,185,179,177,177,180,181,180,175,172,171,172,172,172,172,181,189,189,189,193,193,200,203,203,204,200,199,196,198,198,199,199,201,201,202
155,146,138,135,132,113,102,101,103,110,112,112,112,114,137,138,140,139,138,138,132,132,137,143,147,147,147,147,149,149,149,149,150,153,155,158,159,164,169,169,168,167,167,169,169,172,173,170,166,165,165,167,167,167,166,169,170,171,173,176,179,183,183,181,177,176,175,175,173,180,180,175,168,166,171,172,178,188,191,191,191,197,200,200,202,200,196,194,194,195,196,198,199,199,199,201,202,203
155,150,139,138,136,113,101,101,101,108,110,112,114,136,137,136,134,134,133,130,130,132,141,143,147,147,142,142,144,149,150,150,149,149,153,158,161,161,168,168,168,168,169,168,167,164,164,165,165,165,165,163,162,163,163,167,169,170,173,173,173,173,179,177,173,173,172,172,171,173,173,168,164,166,171,178,180,188,191,191,199,200,202,200,196,195,192,194,194,195,197,199,201,201,201,201,202,205
155,150,141,139,138,118,107,105,105,106,110,114,139,139,136,134,134,133,130,126,132,141,141,142,143,142,142,139,142,147,150,150,149,149,158,158,159,159,159,162,167,167,164,163,163,163,164,165,165,163,163,163,163,163,164,166,169,170,172,169,169,169,171,171,171,171,171,170,168,164,165,168,169,174,183,184,185,188,195,199,199,199,199,196,195,195,195,195,196,197,199,201,201,202,201,202,203,206
158,155,149,139,136,118,112,106,106,106,110,136,138,136,134,133,131,126,126,129,141,144,141,141,140,138,139,139,140,150,150,149,149,157,158,158,156,155,156,159,160,160,160,160,160,160,163,163,163,153,165,163,163,163,165,166,167,169,169,169,167,166,165,165,167,167,170,164,164,163,165,174,178,183,184,187,190,195,195,195,193,193,193,194,194,195,196,197,198,199,201,201,202,202,202,203,205,206
162,156,152,141,139,127,117,107,106,108,136,136,135,133,133,133,122,122,129,141,142,144,140,139,137,131,133,139,151,150,138,140,157,159,158,155,155,154,155,155,155,152,146,146,149,152,156,156,161,160,162,162,162,163,163,164,164,164,167,167,166,165,164,160,160,160,160,156,156,166,174,178,183,186,187,197,197,194,188,187,188,189,192,193,195,196,197,198,200,201,201,202,202,202,203,205,209,211
164,160,156,149,144,139,118,108,108,127,133,133,133,133,133,122,122,128,141,141,142,142,140,137,128,128,139,139,141,138,138,151,154,157,153,144,141,141,144,152,148,140,140,140,146,132,140,152,157,161,161,160,159,159,162,164,163,161,158,157,160,158,158,158,157,158,154,161,171,178,178,186,188,195,197,197,194,190,188,188,188,190,192,194,197,199,200,201,201,202,203,203,203,203,205,206,209,206
168,162,156,153,149,147,126,118,118,125,132,131,131,128,123,122,127,137,142,138,138,138,134,129,129,132,141,139,138,138,151,152,152,135,135,135,135,126,116,116,125,125,135,135,155,132,132,134,148,157,159,159,157,156,156,156,158,155,154,140,119,119,156,156,154,150,162,172,174,178,178,190,195,197,195,194,194,191,191,192,193,196,197,199,200,200,201,202,202,203,203,203,203,204,206,209,209,194
170,164,156,153,151,147,131,118,118,119,127,128,130,121,121,123,137,138,138,137,136,131,129,129,132,134,139,132,138,145,151,151,141,127,128,126,115,110,106,97,88,106,125,155,160,155,132,129,122,122,122,132,146,146,146,131,129,131,122,114,109,102,119,150,154,162,172,172,174,182,191,197,198,197,194,194,194,192,193,193,195,197,199,200,201,201,202,202,203,203,204,203,205,205,206,208,194,156
177,166,153,149,149,149,131,116,118,119,124,125,120,119,123,136,137,138,137,136,130,125,129,132,132,132,132,132,139,145,145,132,130,129,129,128,107,106,103,90,85,87,115,145,160,145,129,112,111,111,101,101,99,98,98,98,93,71,58,58,58,67,89,145,171,173,173,176,182,193,195,198,198,194,194,194,194,193,193,193,194,197,199,201,201,201,202,203,204,204,205,204,205,202,204,187,154,123
188,166,139,137,137,137,116,114,114,118,120,118,116,119,135,136,136,136,133,129,129,125,132,132,132,131,132,138,140,139,135,130,132,132,129,122,107,106,103,97,85,87,97,116,141,129,117,82,78,79,86,93,86,76,76,76,57,45,45,46,53,60,133,158,171,176,176,193,196,194,194,194,194,194,194,194,194,193,193,194,194,197,199,201,202,201,201,205,205,205,205,202,202,183,139,108,96,93
192,166,134,131,129,131,121,114,117,117,117,116,116,128,136,136,134,132,126,126,130,133,133,132,131,131,138,140,139,135,124,130,132,130,122,120,109,107,103,90,79,79,79,106,116,116,101,94,79,79,86,86,72,71,69,57,47,40,40,45,50,133,155,158,171,183,193,197,197,196,194,194,193,194,194,195,194,193,193,194,194,197,199,200,204,204,204,207,207,205,196,156,123,98,91,95,95,95
194,166,134,131,129,132,130,121,117,117,116,116,126,137,137,135,132,126,126,130,133,134,134,131,131,134,138,138,135,124,124,134,132,113,113,113,109,107,89,72,64,64,79,97,106,106,94,91,94,100,92,81,69,72,64,53,40,39,39,60,133,143,155,158,183,190,190,196,196,194,194,192,192,192,193,195,193,193,193,194,194,196,198,199,201,201,204,207,207,168,112,95,93,88,89,91,96,97
195,166,135,134,138,140,139,130,119,107,116,122,131,136,136,134,126,125,126,130,132,134,134,131,134,137,137,135,127,124,132,132,124,107,103,90,87,85,70,60,58,63,68,106,106,106,91,94,98,99,92,81,64,64,57,47,40,39,76,146,155,146,156,184,190,184,185,192,192,192,191,190,190,190,192,192,192,192,192,194,194,196,198,199,201,201,201,181,150,123,97,91,90,89,93,97,117,139
195,168,144,138,138,144,143,130,116,107,118,130,134,134,134,122,122,125,128,130,130,131,127,134,137,137,136,133,127,116,132,124,99,99,87,87,82,67,52,53,54,63,101,108,106,82,72,90,90,96,87,76,57,62,54,53,42,77,147,155,156,168,191,191,183,181,184,187,189,189,189,188,188,189,190,191,191,191,192,194,195,197,197,199,199,180,133,133,132,131,101,96,96,93,104,125,157,162
195,181,158,144,144,144,143,117,116,118,128,134,134,134,122,121,124,128,128,128,127,122,121,124,136,137,136,133,127,111,115,82,74,73,73,71,57,55,49,52,54,83,108,108,82,55,58,88,89,89,85,59,54,62,69,87,87,145,147,158,168,185,191,185,181,181,184,185,185,185,186,186,187,188,190,191,191,191,191,195,196,197,197,186,143,104,104,110,123,132,131,131,141,141,157,163,166,172
195,193,171,158,145,144,123,117,117,125,136,136,134,122,118,122,125,128,128,128,124,122,124,124,129,131,135,125,115,103,80,74,74,67,65,55,55,52,48,49,54,83,95,82,61,55,89,95,90,75,70,39,54,69,88,108,132,145,147,170,191,192,187,179,179,181,183,184,182,181,181,183,185,188,189,191,191,192,194,196,196,194,146,82,93,99,104,112,120,142,146,166,167,168,170,172,173,178
195,193,179,166,158,145,121,120,123,129,132,134,122,118,120,125,125,125,124,122,126,126,133,124,116,111,111,103,92,77,72,75,75,65,58,54,57,49,46,49,74,82,74,61,61,70,95,96,89,75,70,39,69,83,123,131,132,145,180,192,192,188,185,180,180,181,181,181,179,177,177,181,183,188,189,192,192,192,194,194,171,86,82,77,87,104,113,116,120,144,160,167,168,171,172,172,178,182
203,193,171,171,168,145,121,121,128,129,128,124,120,120,125,125,124,120,121,121,131,133,133,117,102,97,79,80,74,77,77,77,64,58,58,60,61,43,43,65,82,74,61,61,62,65,90,90,90,83,82,82,85,110,140,141,143,182,195,195,191,187,184,180,180,181,181,179,177,176,177,179,182,188,189,192,191,191,186,171,89,84,79,82,88,112,123,119,119,136,149,163,168,172,172,182,182,162
206,193,179,179,172,145,125,126,128,128,125,119,120,126,128,127,122,121,121,126,131,126,124,114,100,86,74,74,74,80,77,64,54,54,60,76,57,43,43,75,75,55,54,55,61,63,90,83,89,89,111,111,96,120,140,143,182,192,195,192,190,186,184,180,180,181,180,177,175,176,179,182,182,188,189,189,189,186,185,156,89,84,82,87,101,103,123,124,123,124,148,160,171,175,183,183,140,51
199,196,193,180,168,145,125,126,126,125,123,119,126,128,128,125,122,121,122,129,126,121,117,110,94,83,79,80,84,81,64,54,45,46,87,87,47,46,47,75,60,57,56,61,62,63,90,76,90,105,119,119,120,120,140,182,189,191,191,190,187,184,180,180,180,180,177,175,175,180,180,182,183,187,188,187,189,193,186,174,127,85,84,87,101,103,110,124,124,128,146,164,170,177,171,116,47,46
199,199,196,194,172,144,125,125,119,119,119,123,126,126,125,123,123,124,124,126,121,120,111,79,79,79,83,84,84,80,59,50,46,49,80,80,63,47,50,60,54,55,56,57,57,66,80,76,89,89,110,119,122,126,163,181,188,190,188,186,183,180,178,178,176,178,176,176,176,178,180,184,184,187,188,191,193,197,197,179,145,106,87,87,101,101,106,122,128,134,141,160,164,157,97,44,44,46
199,200,199,195,172,141,128,119,118,118,119,123,126,121,121,122,124,126,124,121,117,113,79,71,70,70,79,84,84,73,61,54,50,55,79,80,71,65,50,50,50,53,53,57,57,61,76,76,88,88,105,119,129,156,168,174,181,183,183,182,177,174,174,174,176,176,176,176,175,176,180,184,191,191,193,194,195,197,199,197,170,126,91,84,84,88,88,103,128,138,141,146,151,97,50,42,43,45
196,205,205,197,172,138,124,119,118,118,119,120,121,120,121,130,130,126,121,114,111,93,77,70,67,53,61,79,76,73,69,55,54,55,66,80,80,70,50,45,47,48,49,50,46,43,65,78,88,88,95,119,156,168,174,176,181,182,181,177,170,171,173,174,175,175,175,174,174,176,184,191,195,195,195,195,196,198,199,199,182,141,105,84,74,74,81,86,109,135,143,143,139,93,44,42,43,45
195,213,213,199,159,119,119,119,121,119,119,119,120,123,132,132,130,126,108,104,93,81,75,67,53,50,50,61,73,73,73,69,55,55,59,80,86,86,53,48,47,46,46,43,43,43,65,95,95,95,118,141,161,176,178,178,181,181,179,169,166,169,173,174,175,172,169,173,174,184,194,195,197,197,197,197,198,199,199,198,184,154,112,84,62,59,75,82,86,135,144,144,133,74,49,44,43,46
194,213,213,195,120,111,111,117,118,118,118,118,123,125,132,130,126,121,106,93,52,69,69,53,48,48,48,51,69,73,73,73,66,64,66,65,86,95,86,53,46,45,39,39,43,63,103,103,103,140,147,156,176,179,180,187,187,181,169,164,164,166,174,176,176,164,167,172,184,193,195,197,199,198,198,198,200,201,201,199,186,160,114,85,62,52,52,74,83,128,144,144,131,58,48,44,46,48
177,215,215,165,113,107,111,111,115,117,118,122,123,123,123,116,121,106,82,52,51,51,57,45,47,48,48,48,64,71,73,66,66,64,64,59,65,95,86,64,45,43,36,39,56,127,127,127,158,148,147,148,170,180,182,187,187,174,167,162,162,166,176,176,164,164,172,177,185,193,196,198,199,200,200,201,203,204,206,204,198,174,127,94,65,47,47,72,74,116,153,153,124,51,48,48,48,50
148,212,212,143,113,111,111,111,111,115,123,128,123,120,95,94,94,82,73,57,57,56,47,45,47,48,48,48,53,64,64,64,66,67,70,64,65,92,92,68,36,36,36,43,121,132,132,159,168,165,148,148,168,176,185,186,183,172,168,167,164,165,165,160,164,167,177,183,188,193,197,198,200,201,201,203,204,207,209,207,204,181,139,101,73,47,44,55,72,94,153,153,124,56,49,51,51,54
118,202,202,137,115,113,113,111,111,123,128,128,124,115,94,88,78,73,57,57,57,59,57,46,53,53,53,48,52,54,60,60,64,65,80,64,72,72,72,40,36,33,36,120,132,132,159,173,171,169,154,154,168,171,186,186,178,172,169,168,164,163,158,160,167,172,181,188,190,194,197,199,201,202,203,204,206,208,210,210,204,192,153,112,80,49,43,43,63,74,140,140,134,58,55,54,54,55
116,161,161,137,116,115,116,116,123,126,128,128,124,105,88,78,60,56,48,48,57,59,60,53,57,55,54,53,52,54,55,56,60,80,82,82,79,85,85,40,33,33,108,121,144,155,175,175,175,170,157,157,163,175,188,188,174,169,169,167,160,156,157,167,171,172,185,189,193,197,199,200,202,203,204,206,208,208,210,210,208,198,169,118,84,54,41,41,55,74,124,137,134,65,56,54,54,55
117,122,161,159,116,115,116,120,128,128,128,128,116,105,85,60,60,56,46,42,47,74,74,53,57,54,53,51,51,52,52,51,57,65,79,78,76,78,72,70,58,92,122,136,151,170,178,179,184,173,162,162,164,175,188,188,173,168,168,160,158,158,167,171,172,173,185,189,193,197,199,200,203,204,204,206,208,209,211,211,211,202,177,127,91,64,41,41,43,74,110,137,137,82,55,54,54,56
117,122,134,134,117,116,120,130,130,129,128,124,102,67,57,57,59,59,54,45,46,53,60,55,57,54,53,51,51,57,57,57,52,54,76,76,76,56,70,72,92,122,131,144,164,168,175,185,186,185,168,163,164,175,184,173,167,160,158,158,158,164,168,171,173,176,186,188,192,195,199,200,202,203,204,206,208,210,212,212,212,208,186,139,102,76,51,41,42,65,96,149,149,82,54,51,54,58
118,122,126,120,120,120,126,130,130,129,124,102,77,60,57,58,69,69,55,49,49,51,59,65,64,51,51,45,52,57,60,60,57,54,62,61,43,43,56,107,119,122,136,163,165,165,170,184,187,187,175,164,170,177,174,162,160,159,158,158,161,166,171,174,175,177,184,186,191,195,199,199,200,202,204,206,208,210,212,213,213,208,190,150,109,84,55,41,41,55,88,149,149,83,56,50,57,58
122,126,126,120,120,124,126,130,128,124,118,91,68,58,55,58,69,69,55,49,49,51,65,78,67,47,47,46,53,57,60,60,58,54,54,54,43,43,56,107,121,131,166,166,165,163,165,182,186,186,181,177,177,174,162,159,159,160,162,162,166,169,174,175,177,178,180,186,190,195,198,199,198,198,201,203,206,208,210,212,211,208,195,163,117,84,55,42,42,51,78,147,147,91,61,57,58,58
127,122,120,120,121,126,126,127,120,120,116,81,77,58,48,48,77,77,51,49,51,61,70,67,56,46,46,48,55,55,60,60,60,70,55,55,46,46,101,115,121,164,170,170,166,163,163,182,187,187,185,182,177,158,150,150,156,160,162,162,169,173,175,177,178,178,178,181,186,191,195,196,195,195,197,201,203,206,208,211,211,207,195,163,117,84,53,41,41,49,68,128,128,102,62,61,61,60
129,91,86,108,121,126,127,127,118,116,85,70,70,65,48,48,77,77,51,43,60,61,61,60,49,47,47,49,55,55,66,68,68,78,55,55,52,82,107,121,152,170,172,172,170,160,160,182,187,190,184,182,127,107,107,121,132,141,151,161,168,173,175,178,178,178,178,178,183,188,193,193,193,194,195,198,201,203,206,207,208,206,186,158,111,64,47,42,42,46,67,115,128,114,63,62,62,61
91,67,51,67,121,135,128,116,96,85,77,81,81,65,48,65,77,73,51,51,61,61,60,59,51,47,47,47,55,61,71,71,68,60,55,55,56,118,130,143,170,177,181,177,170,159,159,184,190,190,182,136,127,107,107,121,121,99,99,118,143,162,173,177,178,176,176,175,179,187,191,192,192,192,194,195,198,202,203,205,205,186,158,111,82,64,47,42,42,46,66,97,133,133,66,63,62,62
79,51,47,50,125,135,125,91,87,74,75,75,70,54,65,83,83,73,46,46,60,60,60,60,59,49,47,46,47,61,73,71,68,60,56,56,118,121,134,171,176,179,183,182,170,161,176,190,190,173,136,136,137,140,137,137,124,99,91,91,91,102,137,165,175,175,173,173,175,185,190,191,191,191,192,194,195,198,193,174,147,118,118,100,93,72,52,45,45,46,62,88,143,143,72,66,63,66
128,76,54,93,125,128,91,83,71,71,77,83,75,69,75,83,83,73,46,46,56,60,60,65,65,51,43,42,43,48,72,71,60,55,51,84,121,130,171,173,178,185,189,182,170,170,186,190,160,125,125,129,137,140,140,140,128,108,102,91,91,102,104,134,161,166,168,168,172,181,190,191,191,191,189,192,188,165,134,113,105,100,100,100,93,79,64,48,45,47,57,85,143,143,84,63,63,66
153,129,101,101,101,88,83,67,66,74,87,78,75,78,83,82,82,61,49,49,46,56,48,65,76,51,42,40,43,46,46,55,55,51,56,118,132,162,171,173,183,195,191,182,177,184,186,140,99,99,110,110,110,98,98,116,116,106,102,102,104,104,109,120,134,155,161,166,168,179,190,193,194,192,188,188,165,134,113,99,93,93,97,97,86,72,67,57,45,45,57,80,141,141,97,56,56,63
143,129,108,101,73,64,67,67,67,87,95,85,78,88,88,51,51,59,59,59,45,45,40,48,65,85,51,43,43,46,45,46,39,51,112,130,139,173,173,179,195,197,192,186,184,184,124,88,83,83,74,65,61,57,57,59,59,59,99,104,119,119,120,128,133,145,155,161,166,178,193,195,195,192,188,171,134,113,99,70,59,54,58,58,58,64,64,57,44,44,59,79,141,141,100,56,56,62
125,108,86,64,56,56,66,68,82,83,87,85,86,95,95,53,53,59,61,61,54,54,45,39,55,85,85,51,47,46,43,39,39,76,120,132,169,173,173,180,196,196,191,188,184,120,72,72,72,63,52,52,52,51,56,59,59,56,53,67,110,120,128,130,131,139,145,157,162,178,193,195,197,196,182,133,88,63,63,63,59,54,54,54,56,56,56,51,44,44,60,72,149,149,100,70,68,63
96,86,64,46,46,66,68,81,82,82,83,86,96,98,96,53,50,53,52,59,64,70,45,44,45,56,58,64,51,46,42,39,51,116,130,160,173,177,179,188,198,198,192,188,120,75,67,63,53,53,52,49,48,51,65,78,130,78,59,59,89,110,127,128,131,139,144,152,161,178,195,203,203,197,133,61,52,52,54,79,79,60,51,54,55,55,51,49,45,45,60,65,155,155,98,71,70,64
96,64,48,46,66,66,65,65,65,63,65,88,99,98,75,50,47,48,48,52,70,75,49,44,44,48,51,56,51,46,43,43,88,125,134,168,172,179,181,197,200,199,191,125,93,73,57,55,53,68,66,56,65,68,78,135,162,165,85,77,85,107,113,126,127,138,142,151,160,179,201,208,208,147,73,61,52,61,79,90,115,115,60,51,51,51,51,50,47,47,60,65,155,155,98,76,72,65
64,48,48,63,66,63,61,63,63,63,71,98,107,98,71,48,47,48,44,48,70,70,48,45,45,47,48,48,43,43,43,68,103,125,155,168,177,181,191,199,200,199,150,116,98,78,57,55,53,68,72,69,69,70,79,162,199,199,165,106,98,107,113,119,120,130,139,150,160,180,210,212,188,121,86,72,69,79,83,111,140,140,85,50,47,49,49,49,46,47,56,71,154,154,98,85,76,69
48,48,64,77,70,63,63,70,73,71,88,92,111,92,71,48,47,48,44,48,57,57,49,46,46,47,47,41,39,40,43,90,109,125,168,172,180,191,198,199,198,154,116,116,116,114,95,68,68,76,96,87,79,79,133,197,204,201,165,121,118,113,114,119,120,128,132,146,164,189,212,212,159,121,98,94,89,89,89,131,142,140,85,52,48,49,47,49,47,53,54,76,148,148,99,85,82,71
50,64,77,70,63,63,69,74,80,83,89,89,123,98,88,53,49,48,48,47,50,50,53,46,47,47,47,41,39,39,77,109,111,153,165,174,188,199,198,196,154,124,118,120,126,134,126,98,96,102,114,115,122,133,165,194,197,184,167,141,121,121,121,121,123,128,132,145,164,196,212,212,159,121,120,121,97,97,131,163,143,135,76,56,52,51,50,50,51,57,54,76,138,138,100,88,83,69
73,86,77,70,50,54,69,77,80,84,89,114,126,114,98,72,52,48,44,44,47,47,50,46,49,49,46,39,37,40,111,124,126,165,174,186,194,199,196,149,124,124,126,134,135,139,144,131,111,115,119,119,127,137,153,179,182,167,167,157,134,129,122,123,125,128,131,144,163,196,215,215,166,145,130,133,133,131,131,143,135,76,70,70,54,52,51,51,53,57,57,76,133,133,111,89,82,62
91,91,86,68,49,50,70,81,76,84,89,114,126,117,116,97,53,46,44,47,47,47,46,46,49,49,41,35,40,88,114,133,153,171,179,192,197,196,149,115,124,127,131,135,144,145,146,146,138,134,127,122,130,134,134,137,154,167,167,153,149,131,129,125,128,128,131,142,160,194,216,216,182,152,142,139,134,124,122,121,105,80,80,76,71,53,51,51,53,61,61,73,128,133,127,88,76,62
103,99,91,68,50,51,70,81,72,88,88,102,119,119,116,97,69,47,47,47,47,47,46,46,47,44,37,35,51,108,133,147,171,174,183,192,197,153,103,114,126,131,136,141,145,147,147,148,147,143,138,131,131,134,134,137,153,161,165,158,150,133,132,131,130,129,130,139,158,189,216,216,183,166,151,143,139,124,122,118,104,88,90,85,78,54,48,49,49,65,65,71,122,148,148,85,76,56
105,99,98,68,51,51,70,73,75,88,92,101,102,116,115,91,57,47,47,47,47,46,46,48,47,44,37,37,99,118,137,166,174,183,190,190,159,98,103,114,129,135,141,145,150,150,153,153,151,150,147,143,143,143,146,153,165,165,164,154,150,135,135,132,132,129,129,134,157,185,214,214,194,175,156,151,143,131,128,124,116,107,104,99,85,62,53,49,49,65,65,70,121,149,149,84,74,56
102,98,91,63,44,49,63,73,82,88,106,102,94,94,99,91,57,49,48,48,47,46,46,48,48,44,44,63,114,131,146,175,182,191,191,175,88,98,109,118,129,135,142,151,152,154,156,160,163,162,162,160,160,161,166,169,169,166,165,163,151,138,138,137,132,129,129,131,157,182,213,213,196,180,168,156,151,143,136,129,124,116,113,107,90,64,54,51,51,65,65,69,117,154,154,84,73,55
99,91,73,44,44,44,60,75,88,95,95,106,94,94,99,91,80,50,49,48,47,45,45,48,48,45,47,101,121,142,172,182,191,194,191,89,88,102,114,120,129,134,142,152,154,156,163,166,167,170,172,172,172,171,170,171,171,169,166,163,149,141,140,140,132,129,129,129,149,180,210,210,201,180,171,164,153,148,136,131,128,124,118,113,96,64,53,53,55,65,65,66,107,166,166,90,65,55
107,88,62,44,44,44,51,73,82,95,95,106,94,94,99,99,89,61,50,49,48,48,47,47,47,45,76,114,129,148,176,187,193,194,97,83,89,102,120,124,129,133,142,152,154,157,164,167,171,175,174,173,172,173,173,173,173,171,167,163,149,147,141,141,132,129,128,129,143,177,206,208,206,180,171,165,155,148,138,133,129,127,121,118,100,64,53,53,59,65,65,66,105,167,167,95,58,55
102,68,50,47,44,46,49,52,80,82,92,92,82,57,89,109,100,89,65,49,48,46,46,45,45,45,111,117,138,171,186,190,193,128,67,70,93,111,121,124,128,133,142,147,152,157,163,170,174,176,176,176,176,176,175,175,173,171,167,161,151,148,146,142,136,131,128,129,142,171,206,208,208,181,168,165,160,148,141,133,131,128,125,118,100,59,55,55,59,65,65,66,93,163,163,111,53,46
84,59,49,47,47,47,47,50,55,63,80,66,59,57,57,117,119,100,73,49,46,46,46,43,43,78,117,129,149,184,190,191,163,53,53,70,95,114,121,124,128,133,140,145,150,154,160,168,172,176,179,180,178,177,176,175,173,170,165,159,151,148,146,142,136,131,129,130,140,166,204,211,211,182,167,164,161,149,144,136,132,129,127,118,94,58,55,55,58,66,66,66,84,153,153,130,52,43
66,55,49,49,49,50,50,50,53,54,62,62,57,57,59,115,118,116,100,44,42,43,43,39,43,111,118,137,179,190,191,190,72,51,52,73,98,116,122,124,128,133,137,143,149,151,156,165,168,174,178,180,178,177,176,174,170,167,161,156,148,146,142,142,136,129,129,132,139,162,201,214,214,185,167,164,161,150,146,138,134,129,127,118,87,58,56,52,56,63,63,63,76,153,153,148,52,43
63,58,55,51,50,50,48,47,50,53,57,59,56,59,62,110,116,116,116,44,41,42,38,39,68,113,124,139,184,191,191,116,47,52,53,76,98,116,122,125,129,133,137,142,147,151,155,160,165,170,175,178,178,178,174,172,170,165,160,155,147,144,141,139,136,129,129,132,139,159,194,217,217,185,167,163,158,150,146,140,134,129,127,116,81,58,53,50,56,60,60,60,70,153,153,150,72,44
63,58,57,57,55,50,47,45,48,53,56,60,57,60,71,110,116,116,116,108,39,38,38,43,112,113,137,180,195,195,176,47,47,52,59,76,97,111,122,125,130,133,137,141,145,151,155,158,161,166,170,175,178,177,174,170,168,165,159,154,144,141,137,136,132,127,127,131,139,156,185,217,217,185,166,160,154,148,146,140,133,130,127,109,74,53,52,50,57,60,60,60,60,153,153,152,89,46
63,61,59,58,55,47,44,44,45,56,72,65,58,60,80,113,116,110,110,108,67,35,35,54,113,124,137,195,201,195,93,39,43,56,67,73,95,109,120,125,130,133,135,139,144,151,154,157,160,161,167,170,172,172,170,170,166,162,158,151,141,137,135,132,130,125,125,127,136,153,180,211,211,197,162,157,154,147,145,138,132,130,124,102,65,52,52,52,60,64,62,59,59,150,152,150,103,46
90,61,59,59,51,44,37,42,50,72,76,72,72,75,105,138,138,110,91,71,67,33,33,100,116,132,166,200,201,127,35,35,42,59,72,73,93,107,119,124,129,132,133,137,141,149,153,155,157,159,161,166,167,168,170,166,165,160,156,149,138,134,132,130,128,123,123,124,132,150,176,206,211,208,160,156,155,147,145,138,132,130,121,97,58,49,50,57,66,66,62,55,55,140,150,149,112,46
89,57,51,50,50,45,38,45,52,76,79,77,77,101,105,115,112,91,74,46,43,42,47,116,124,132,175,195,162,41,35,40,43,63,74,74,91,107,119,123,129,131,133,137,141,147,151,153,155,156,159,161,163,163,165,165,164,160,153,146,134,130,130,128,128,125,123,124,132,148,164,201,213,213,161,156,152,149,144,137,132,130,115,90,47,47,51,60,67,67,62,45,45,135,149,149,120,46
89,51,49,48,50,45,44,45,56,76,79,88,101,115,101,90,90,74,46,42,42,43,109,124,132,163,174,163,55,41,37,41,45,71,74,74,90,106,119,122,128,131,132,136,140,145,149,151,152,153,156,159,161,162,163,163,161,157,149,144,133,128,130,132,132,128,125,127,132,145,164,197,216,216,163,155,150,147,144,137,130,126,113,73,47,47,49,57,68,68,61,43,43,119,149,149,134,56
87,68,48,46,50,50,47,50,56,79,80,88,109,111,90,88,71,41,41,41,43,104,135,135,143,163,163,130,45,41,40,42,46,72,75,75,90,107,118,121,127,130,131,135,139,144,147,149,151,152,153,157,159,160,161,161,159,153,146,143,123,123,132,137,137,137,128,127,132,142,163,193,219,219,163,152,147,147,142,135,130,124,100,52,44,47,51,61,72,72,59,43,43,98,152,152,142,75
91,68,52,51,53,54,47,43,53,64,79,75,94,97,90,74,41,39,37,41,91,144,160,160,173,174,150,107,42,41,40,45,46,77,77,77,91,108,118,121,126,129,131,135,139,142,145,148,150,151,153,154,157,159,160,160,158,153,146,143,120,120,133,138,137,137,137,132,129,138,163,191,203,203,162,147,145,145,142,132,130,122,79,43,43,49,53,62,72,72,57,41,41,85,158,158,142,87
103,66,59,52,53,58,53,43,42,58,63,63,75,97,88,41,39,38,36,41,144,171,174,174,173,150,118,42,39,40,42,46,46,81,81,81,93,109,118,121,126,129,131,135,138,142,144,147,150,151,152,154,155,157,159,159,158,153,148,144,124,124,133,136,112,110,126,125,125,129,152,178,194,194,153,147,145,145,141,132,127,108,56,43,43,50,53,63,69,69,57,44,44,76,158,158,140,93
124,74,59,51,51,60,60,43,40,42,58,63,77,88,55,42,41,39,41,56,144,174,179,183,182,124,44,42,40,46,44,45,45,90,90,90,96,109,118,121,125,128,130,134,138,141,144,147,149,150,152,153,154,155,157,158,158,154,149,145,126,124,124,123,112,110,110,111,113,124,137,165,178,173,153,147,146,145,136,132,122,81,49,47,47,52,55,66,69,69,57,48,46,58,147,147,138,100
125,100,74,51,48,60,77,61,40,38,42,70,87,77,50,50,55,51,56,113,123,162,175,175,163,44,42,42,47,47,44,44,45,99,99,96,99,109,118,121,124,127,130,133,137,141,144,147,149,149,150,152,153,154,157,158,158,155,153,149,141,130,124,124,123,123,122,111,113,128,153,172,173,171,157,147,146,143,135,131,112,57,48,47,48,54,57,68,69,69,58,50,46,48,138,138,138,116
125,121,100,48,47,51,93,93,61,36,36,70,77,77,77,86,104,112,112,113,116,144,164,163,64,44,44,53,55,53,46,44,52,102,102,99,100,114,118,121,124,126,129,133,137,138,141,146,147,149,150,152,153,154,156,158,158,156,154,152,147,141,130,130,131,131,131,128,128,153,172,183,180,166,157,150,146,141,132,125,88,49,47,47,47,57,59,68,75,69,62,53,44,44,132,138,138,116
125,125,117,55,48,55,106,106,67,60,55,62,73,77,94,106,123,129,116,113,116,128,157,119,50,49,53,56,56,55,52,50,52,102,102,102,102,114,119,122,125,128,129,133,137,138,141,142,144,146,148,151,152,153,156,157,157,156,154,153,152,147,143,136,136,138,149,156,156,172,190,190,180,164,153,150,144,136,132,116,60,48,47,47,48,58,62,75,75,73,62,58,44,44,113,138,138,113
114,125,123,83,62,70,91,91,67,60,52,60,73,125,129,140,165,150,105,103,126,138,128,50,50,50,52,55,56,59,54,50,52,102,102,102,103,113,121,125,126,129,129,133,137,140,141,141,142,143,146,148,151,152,154,156,156,155,154,153,152,150,147,144,144,156,168,171,182,188,193,193,180,163,150,150,144,136,130,116,56,50,48,47,48,59,65,73,76,73,64,58,48,48,89,143,143,113
102,124,124,108,83,86,90,85,61,60,52,66,125,132,153,171,172,133,100,101,126,138,55,50,50,51,51,53,59,59,54,50,50,99,99,102,103,113,121,126,129,129,130,133,137,140,141,141,142,142,143,146,149,151,152,154,154,154,153,153,149,150,150,150,153,168,185,185,185,188,192,192,178,158,150,147,142,136,122,94,50,50,49,48,49,62,68,70,74,70,64,58,48,48,80,143,143,112
96,114,123,120,114,90,86,56,51,56,89,106,125,153,160,174,172,100,92,105,105,76,49,49,48,49,51,51,60,60,58,50,50,95,97,100,100,113,117,126,129,129,130,132,137,138,141,141,142,140,142,143,145,149,150,149,149,150,150,148,148,149,151,152,155,175,200,200,190,190,200,200,181,155,148,143,139,135,96,56,50,50,49,49,50,61,73,70,70,67,64,59,48,48,75,147,147,113
72,114,123,123,120,96,55,51,51,95,106,132,132,153,174,174,120,93,100,105,105,49,49,54,54,49,49,51,60,60,58,45,45,89,96,97,100,111,117,125,128,129,130,130,137,138,141,141,142,139,139,141,143,144,145,145,145,145,145,146,147,149,151,154,161,179,190,201,190,190,192,184,178,150,143,139,138,131,67,46,46,50,50,49,55,63,73,73,71,67,64,60,48,48,66,142,142,118
72,75,114,121,120,114,57,55,89,117,132,144,153,174,174,134,93,93,116,105,43,43,56,56,54,49,49,51,60,66,64,45,45,85,95,95,97,106,116,125,128,129,130,130,135,138,140,141,140,139,139,139,140,139,139,142,142,142,142,145,145,146,149,151,157,169,179,182,190,179,179,179,150,142,139,138,135,108,49,45,48,53,53,53,55,63,73,73,77,67,67,60,49,48,56,142,142,120
76,85,89,107,107,104,96,89,124,138,153,183,197,178,145,100,98,99,116,59,43,46,56,56,50,49,49,51,63,69,69,45,45,83,91,91,95,100,113,123,128,129,130,130,134,136,138,140,140,140,140,139,139,130,130,136,138,140,140,140,139,141,141,141,138,138,139,143,155,155,145,142,142,133,133,134,134,74,49,48,50,53,53,53,56,65,67,73,77,72,67,64,50,47,47,135,135,130
85,88,89,89,101,99,99,117,132,139,183,203,204,198,101,98,101,116,99,49,48,48,50,56,50,49,49,53,63,69,69,45,45,80,87,87,91,96,109,122,126,128,128,129,131,134,136,139,141,141,142,140,129,125,108,108,114,122,122,121,121,113,108,108,108,120,121,131,131,125,118,124,124,129,133,134,111,49,48,49,50,52,51,53,60,67,67,73,77,74,67,64,56,46,46,124,135,136
93,93,93,89,86,87,104,135,136,139,187,204,206,156,100,100,137,99,52,49,48,48,48,56,56,49,49,53,60,65,65,45,45,78,80,80,86,91,105,120,123,126,126,126,129,133,135,138,141,142,144,143,133,125,108,108,114,118,121,121,121,113,108,108,108,120,121,131,131,125,118,124,129,133,141,133,73,46,48,49,49,51,51,56,60,65,70,74,75,74,67,66,66,46,46,108,136,143
93,91,91,84,84,87,121,135,135,136,183,187,183,107,107,137,137,69,51,51,50,47,47,56,56,49,49,58,59,60,59,52,52,73,78,78,81,86,102,116,120,123,124,124,126,130,133,136,140,144,145,145,143,131,125,123,118,121,121,122,124,131,137,152,152,154,165,172,160,137,137,137,142,142,141,103,48,45,48,49,49,48,51,56,58,65,71,75,75,74,68,67,67,46,46,97,143,147
98,91,91,91,94,118,138,136,136,136,175,175,121,112,137,137,102,51,52,52,52,47,47,50,52,52,51,59,59,60,59,59,59,71,78,78,79,79,99,110,116,120,122,122,123,127,131,133,137,142,145,145,144,141,131,129,126,126,124,124,129,132,142,152,154,154,165,172,160,153,141,143,144,144,125,65,45,45,48,49,48,48,50,51,53,53,75,79,77,77,68,70,70,46,46,95,147,150
93,93,98,97,118,126,139,139,140,140,153,155,121,149,149,111,55,52,52,54,54,50,50,50,52,52,52,57,59,61,63,63,63,68,73,75,75,75,92,103,110,115,118,122,122,126,128,131,134,139,142,144,143,142,136,131,129,128,126,127,127,129,137,146,154,154,150,150,147,143,143,147,145,142,91,48,45,45,50,52,50,48,52,51,53,53,73,79,75,68,68,68,66,49,49,92,150,150
93,98,123,123,124,134,138,135,140,153,156,156,155,155,145,56,52,52,54,55,55,53,50,53,53,53,52,61,61,61,63,63,63,67,72,72,72,72,86,100,105,109,113,118,121,124,126,129,132,136,139,142,142,142,139,136,132,130,128,127,127,127,129,133,140,140,138,138,143,143,147,147,144,112,65,46,44,45,50,53,53,53,56,52,57,57,71,86,77,77,66,66,64,51,51,87,154,154
91,95,123,123,123,116,126,126,135,158,168,176,161,155,64,54,52,54,54,58,58,53,53,53,53,53,57,61,61,61,61,60,59,59,70,72,70,72,77,88,100,103,109,113,117,122,125,129,130,134,138,139,142,142,139,137,136,132,131,128,127,127,128,129,131,136,136,138,143,144,144,144,129,77,53,45,44,47,50,54,56,56,56,52,57,57,71,86,77,77,65,65,64,51,51,82,156,156
95,95,120,124,117,113,113,121,127,171,176,178,161,76,52,52,52,52,54,58,58,52,52,52,53,53,54,59,58,58,59,60,59,59,66,72,70,72,76,83,94,99,105,109,115,120,124,129,130,133,135,138,139,140,139,137,137,136,134,132,137,137,130,130,131,136,142,148,148,144,144,141,87,64,52,44,44,47,51,55,58,58,55,52,52,61,72,86,81,80,68,68,65,54,54,79,157,158
101,95,98,117,112,113,112,114,121,171,176,176,103,48,50,52,52,52,53,58,58,52,52,52,54,53,53,53,56,58,59,60,60,57,61,69,66,66,66,77,83,95,99,105,111,115,124,128,129,132,135,138,138,139,140,140,138,138,139,141,149,152,156,159,159,157,155,155,151,146,144,133,65,53,50,44,44,50,54,55,58,57,54,52,52,63,75,86,83,81,72,72,70,57,57,77,157,158
111,98,92,103,117,117,113,114,121,167,172,130,55,51,52,53,52,52,53,58,58,51,51,52,54,53,51,51,53,57,58,59,59,56,56,61,61,58,58,66,74,83,95,100,105,112,121,128,129,132,134,136,138,139,141,144,145,148,153,153,160,160,166,165,164,159,158,157,153,148,144,93,62,50,50,46,46,51,55,59,58,57,54,51,51,66,75,91,83,82,74,72,72,61,61,74,157,160
117,115,95,103,116,124,114,101,101,118,130,72,55,52,53,53,49,49,55,59,59,47,47,52,53,52,49,49,49,54,57,57,57,56,56,59,60,57,58,58,64,64,83,95,100,105,113,123,128,131,134,136,138,139,144,145,148,154,160,161,166,166,166,166,165,164,163,158,152,148,142,62,59,49,50,47,50,53,58,60,60,57,51,51,51,74,77,91,82,82,75,72,74,68,66,68,162,162
124,119,115,116,117,134,117,101,91,101,91,59,55,53,53,53,50,50,55,61,61,48,48,50,51,51,51,51,51,53,54,57,57,56,57,58,59,57,62,58,62,58,62,78,85,96,105,116,121,128,132,135,138,139,144,148,151,156,161,166,166,166,166,166,166,168,164,160,152,146,118,56,56,54,54,50,53,53,58,59,57,57,52,52,52,77,79,91,80,80,76,72,75,69,66,66,163,163
123,124,124,127,127,134,128,106,91,91,81,59,53,54,54,54,51,51,56,62,62,50,50,50,51,51,54,51,51,51,53,56,57,57,57,58,59,58,64,65,65,58,50,54,67,81,93,104,116,121,127,134,137,138,141,145,149,155,159,166,166,167,166,166,166,168,160,154,147,146,93,56,56,56,57,54,54,55,57,57,57,55,54,54,54,79,81,90,80,79,79,76,77,71,66,66,162,162
118,119,136,136,128,128,128,124,99,81,81,54,53,54,53,53,53,53,59,65,65,51,51,50,54,54,55,55,51,51,52,55,58,57,56,56,60,60,64,65,65,64,50,50,54,67,81,93,103,116,121,125,130,136,139,143,146,151,156,162,166,169,169,166,165,162,158,150,147,140,93,57,56,57,58,57,56,56,57,57,58,55,55,54,54,81,83,90,83,79,79,79,80,73,67,67,160,160
