175,194,216,194,110,56,68,97,123,142,151,156,156,155,156,154,147,133,124,165,215,214,207,207,207,204,203,203,202,197,200,198,200,210,201,201,199,197,195,197,201,189,191,201,199,194,193,194,179,173,179,189,189,187,184,185,187,194,183,173,174,184,186,175,165,173,163,160,163,172,173,163,163,142,113,115,133,130,127,135,133,124,119,117,120,121,122,126,120,119,114,97,101,107,108,109,107,97,126,170
204,172,183,204,211,168,93,89,119,137,146,154,154,154,154,152,146,142,184,217,214,208,203,204,203,202,202,202,202,198,198,195,184,177,189,205,200,198,196,197,198,196,202,199,195,191,187,190,188,176,168,174,184,182,181,185,185,182,182,179,178,178,182,184,176,157,160,178,161,154,159,175,166,153,141,109,109,129,136,134,134,129,122,126,120,120,123,124,123,119,118,118,99,102,101,99,99,102,119,159
213,204,187,183,199,215,200,144,116,130,145,149,151,151,153,154,139,184,219,213,206,201,198,199,199,200,201,201,201,198,203,205,191,164,171,200,202,199,197,199,194,193,196,193,190,186,184,193,186,178,180,165,172,176,181,179,186,173,169,185,188,183,174,171,176,176,166,156,166,152,151,152,154,163,161,137,105,111,126,122,124,133,132,124,126,119,112,119,110,114,112,112,112,106,102,95,96,102,115,143
212,215,206,194,187,190,203,214,195,166,145,144,151,151,150,149,156,214,212,204,203,199,196,197,197,200,200,199,199,200,200,196,191,190,169,165,195,201,199,201,191,188,187,187,186,187,184,185,182,185,191,188,164,160,179,185,180,176,183,173,177,179,176,180,178,170,178,157,137,155,154,137,152,154,156,160,149,115,108,119,119,119,131,134,122,121,115,118,121,106,103,105,112,110,106,101,98,106,114,132
204,205,208,211,204,187,187,191,206,210,185,154,143,150,153,149,181,208,199,198,191,190,196,196,196,197,197,196,196,197,195,193,191,189,188,186,174,182,203,202,196,196,184,176,186,186,178,182,182,183,179,176,177,176,161,168,179,186,180,169,163,167,172,175,180,177,166,160,160,141,141,158,145,139,161,157,149,137,120,111,125,121,114,122,131,125,115,106,118,112,105,96,103,102,102,101,104,110,127,135
198,200,206,209,210,207,193,188,191,198,204,202,178,152,145,147,193,194,188,187,185,186,192,192,193,190,190,193,194,191,189,188,185,183,186,190,190,174,179,170,178,193,185,180,182,170,180,177,179,180,178,172,175,183,173,149,171,185,181,173,171,165,166,169,168,174,162,161,167,160,138,138,152,148,141,143,145,151,152,124,112,124,124,114,112,124,119,111,102,108,108,108,100,107,106,105,102,111,125,141
201,201,201,201,204,210,211,202,195,189,189,194,213,196,161,179,198,187,186,186,187,188,189,190,190,184,184,191,195,195,193,190,190,188,180,175,188,188,186,176,169,183,190,192,179,179,176,175,176,176,176,178,179,175,176,172,158,158,162,177,171,172,171,168,163,155,167,169,159,160,156,135,134,153,145,137,149,152,149,146,115,109,126,127,119,113,123,112,111,110,112,108,105,106,107,105,100,114,128,147
201,200,199,199,204,205,203,208,209,200,190,188,195,204,203,199,193,179,183,179,181,190,184,186,184,187,181,181,185,193,191,187,191,187,187,191,189,188,184,181,179,177,184,193,189,181,175,170,174,177,172,179,173,169,172,180,181,163,153,166,167,184,177,165,157,157,160,158,168,155,150,149,137,130,141,142,142,147,151,151,145,114,112,127,127,121,119,116,117,114,111,108,104,107,111,106,105,118,135,149
201,200,200,200,202,201,200,201,207,210,205,198,202,188,178,192,198,192,176,159,163,180,181,180,185,185,184,172,176,179,185,192,192,184,189,190,185,175,176,184,182,188,180,177,177,176,170,164,169,178,177,165,174,179,170,171,180,171,166,160,166,171,165,175,171,164,152,152,152,156,153,143,148,141,126,145,150,134,139,153,150,134,111,114,124,126,124,120,113,112,108,108,104,105,103,118,123,127,141,153
202,201,201,201,200,199,198,195,199,209,209,205,207,200,190,184,182,197,199,178,162,162,172,176,183,183,171,175,177,182,182,181,184,185,192,186,177,179,181,178,175,183,183,176,173,169,169,171,176,174,174,173,178,175,179,175,161,167,182,172,153,149,169,170,181,170,157,149,133,143,160,156,153,155,137,124,145,146,136,141,152,144,139,114,117,117,116,118,107,106,113,105,105,106,115,123,124,132,139,150
203,203,202,201,199,198,198,195,195,200,199,204,204,203,200,193,186,182,189,203,194,168,159,172,180,171,172,175,184,180,177,177,179,183,190,181,176,190,188,178,176,169,171,176,175,167,168,173,163,164,173,178,173,176,172,166,164,167,175,177,169,158,152,169,160,158,153,148,145,139,150,155,149,144,146,138,114,137,147,138,139,147,144,149,115,99,112,123,110,111,106,103,105,102,115,132,137,146,151,164
205,204,201,199,199,199,199,199,196,194,192,192,196,203,206,202,200,197,188,181,191,196,180,164,166,161,164,178,182,181,173,173,175,176,177,178,185,183,179,180,170,176,169,162,163,170,172,161,165,169,164,166,177,173,167,169,170,167,166,173,175,174,161,145,155,155,140,149,153,150,149,144,147,149,150,151,135,110,132,148,137,133,140,144,137,106,107,119,119,108,101,96,101,113,122,134,135,143,155,166
207,205,202,200,201,201,201,200,197,195,194,192,192,192,196,203,203,203,199,191,188,178,188,196,171,151,155,168,184,173,168,171,177,172,170,179,186,173,167,173,173,172,170,166,158,161,153,167,172,163,165,170,154,163,168,169,170,167,168,168,169,164,159,158,142,140,151,150,142,151,147,142,139,147,152,143,142,132,118,130,144,133,134,138,136,140,114,104,112,112,90,95,101,113,140,139,138,150,165,162
208,206,203,201,202,202,202,201,198,196,195,197,195,191,191,196,199,202,208,199,195,185,176,178,193,190,169,158,163,165,164,170,172,171,173,171,172,171,167,169,175,169,170,167,169,162,163,156,149,165,172,163,164,160,160,161,162,173,174,161,154,155,161,164,153,138,149,161,154,142,140,139,142,142,143,141,141,144,123,116,126,140,131,129,136,146,141,107,101,110,105,97,106,112,136,138,141,149,155,160
211,211,205,201,202,202,201,201,201,199,198,196,195,195,195,194,193,193,196,199,202,202,197,184,174,183,192,174,155,154,156,172,164,171,167,164,165,161,169,172,169,170,160,164,165,163,172,169,146,146,150,166,173,166,163,164,153,160,162,159,154,159,156,158,167,160,140,134,150,151,139,133,137,145,136,140,147,140,142,133,113,122,138,134,133,139,145,138,115,101,106,107,118,117,139,132,141,152,150,169
203,216,206,205,203,202,202,201,202,201,200,198,197,196,194,191,189,188,183,183,186,190,199,200,187,178,174,188,193,166,152,151,161,160,158,164,154,165,166,167,168,158,164,170,166,159,159,166,167,165,153,156,152,154,149,146,140,141,155,156,166,155,147,155,158,157,159,138,137,158,153,139,125,128,138,137,147,155,144,141,129,117,121,144,133,133,135,136,136,108,99,108,118,127,144,139,156,159,158,177
168,212,211,209,204,204,203,203,204,202,201,201,200,199,197,193,192,190,188,188,187,186,194,203,197,195,186,170,178,187,190,154,150,150,160,157,160,173,157,160,154,158,168,163,163,162,162,159,160,162,161,174,105,93,124,135,131,148,152,153,144,141,141,144,153,160,164,152,128,131,151,154,131,124,127,139,140,146,141,142,142,128,121,122,143,131,127,133,141,138,101,98,114,139,149,140,153,162,168,177
156,194,218,209,206,206,203,203,204,203,202,202,202,200,200,200,198,197,196,193,191,189,190,194,198,200,197,190,175,171,187,191,162,146,150,156,158,119,114,140,155,161,164,149,146,146,148,159,161,157,148,140,103,132,155,155,125,137,125,94,101,110,113,115,111,135,154,149,151,138,139,141,139,142,127,121,134,142,138,138,144,142,127,117,121,142,128,131,127,132,118,101,126,147,147,153,160,162,164,174
149,167,208,214,204,205,201,205,203,203,203,202,203,201,201,201,199,197,195,193,192,192,194,194,194,195,201,203,195,174,167,172,186,173,143,154,102,71,116,109,140,122,131,129,156,157,152,132,117,119,111,112,134,165,165,164,117,83,88,108,116,126,135,145,126,103,127,155,152,151,132,128,148,141,132,129,121,131,136,137,137,143,137,123,111,127,137,121,125,118,119,118,131,149,151,156,153,166,170,179
93,123,154,187,210,211,202,205,204,204,204,205,200,200,203,202,199,197,194,194,193,193,194,194,194,194,198,199,194,191,182,160,162,176,184,145,48,53,67,58,56,71,86,93,98,93,93,79,101,122,131,131,129,157,172,160,106,65,87,84,97,106,104,128,147,141,121,141,153,145,138,132,129,132,134,132,125,118,125,133,138,138,145,136,119,108,120,130,118,122,115,113,138,155,153,139,149,164,177,189
87,91,95,108,139,183,202,208,207,205,205,207,197,198,205,201,200,197,194,193,192,192,194,194,194,193,197,198,193,200,200,193,176,150,171,177,89,41,39,46,40,45,51,55,71,64,105,99,65,71,79,97,126,141,145,131,115,75,85,103,90,103,107,99,129,145,130,114,132,139,147,141,124,128,135,134,125,130,120,129,142,132,134,140,136,118,99,116,125,124,114,102,116,149,137,128,138,170,188,195
93,92,96,89,82,98,123,156,196,213,209,209,198,201,204,199,199,197,195,194,193,193,195,195,195,193,194,194,194,199,196,201,205,183,147,158,174,133,60,37,45,29,40,57,76,69,72,86,103,71,57,78,82,117,116,82,97,79,97,128,127,109,124,122,108,132,142,120,107,135,140,140,138,129,131,133,132,136,134,121,121,136,132,135,141,128,110,104,120,117,110,114,109,127,129,118,133,166,192,199
106,97,97,91,86,85,83,89,112,168,207,207,204,204,199,199,198,196,194,194,192,193,195,195,195,192,191,192,194,196,193,197,199,190,190,155,140,177,146,50,26,38,47,53,88,64,58,81,92,99,100,94,101,112,106,79,63,64,58,72,89,107,120,132,113,107,134,136,124,115,135,138,142,134,123,128,134,135,133,126,122,126,132,138,140,136,126,116,104,117,124,121,132,140,131,109,134,166,194,196
154,139,117,94,88,93,89,95,91,101,150,181,208,201,199,199,197,196,194,194,192,192,192,192,192,190,189,190,191,193,192,189,184,183,198,192,143,122,170,155,77,39,34,42,98,57,76,67,114,100,103,81,91,112,106,101,68,63,61,51,67,70,85,87,113,103,124,138,135,116,111,135,140,139,131,125,134,134,132,130,130,123,122,134,139,137,139,122,106,101,119,130,139,152,153,125,135,168,195,197
173,166,157,149,125,104,90,96,97,123,132,110,133,180,202,201,199,197,195,194,191,191,191,190,190,188,187,188,189,189,192,185,181,177,181,192,184,156,123,158,160,76,30,40,88,45,62,87,92,85,98,58,50,72,109,115,108,55,53,47,60,75,90,82,71,73,99,124,132,135,97,127,133,137,147,136,119,127,139,128,125,128,118,121,134,134,130,131,118,107,104,131,151,147,138,128,144,166,198,196
176,162,171,173,170,157,141,131,131,142,136,106,92,93,143,186,206,197,198,194,186,191,192,191,189,187,185,187,186,183,185,187,188,179,178,191,192,198,168,130,147,165,87,53,103,54,35,57,96,74,95,90,43,46,82,111,128,83,54,46,52,48,55,87,99,67,59,82,111,140,105,135,140,136,137,141,121,121,131,124,128,130,120,111,122,134,135,139,128,118,104,116,143,144,138,130,156,181,195,198
199,178,172,163,171,169,167,167,167,146,120,103,99,104,69,75,146,194,203,196,196,191,192,191,189,187,184,183,181,181,182,184,185,181,179,185,185,201,200,170,131,145,167,108,83,69,32,38,59,89,75,123,88,55,47,82,95,118,54,44,49,57,40,39,65,94,74,55,69,115,103,144,142,131,116,117,124,115,122,128,131,130,128,124,104,116,134,142,137,125,117,113,123,152,145,158,181,194,195,192
196,204,182,174,172,170,168,166,163,144,115,116,112,135,77,82,71,86,171,200,194,196,192,191,189,188,183,178,174,177,179,181,183,182,179,176,178,187,200,191,180,132,131,156,141,88,35,92,39,70,111,100,106,89,47,61,62,106,82,46,38,61,70,48,54,58,84,80,67,64,92,125,111,97,112,129,141,133,119,124,120,124,133,125,118,108,122,138,136,129,123,102,120,145,165,171,166,193,198,203
82,162,198,185,172,172,175,160,148,136,119,123,130,113,87,111,63,52,84,156,185,191,193,193,192,188,182,177,176,173,177,179,179,180,181,180,185,188,192,195,197,182,128,123,161,140,35,82,111,42,83,96,70,95,65,54,45,74,90,65,41,39,76,80,44,59,75,90,77,72,81,74,80,79,102,138,144,140,126,121,121,118,125,127,126,120,109,124,132,125,131,121,93,137,172,179,158,182,207,206
37,47,140,199,187,171,168,156,149,117,116,127,125,88,103,87,85,79,89,147,181,186,186,189,192,189,182,179,182,175,170,177,182,181,180,180,184,187,190,196,196,202,183,143,110,140,85,54,135,64,53,90,55,62,63,61,42,54,84,86,43,39,57,107,60,45,54,64,81,84,69,72,66,72,97,114,117,121,136,131,120,120,120,122,128,129,114,113,125,128,134,133,103,145,189,168,171,193,206,211
45,40,51,116,183,194,177,164,146,112,124,138,110,93,101,101,82,84,127,174,194,193,184,186,187,188,183,180,184,180,169,174,183,182,178,175,181,184,186,191,191,192,198,182,124,96,120,122,119,89,47,100,56,49,46,56,55,53,75,81,46,41,47,116,87,42,42,44,59,93,80,63,86,94,100,112,124,126,132,131,122,121,130,132,131,132,126,114,119,129,126,125,132,119,180,179,196,192,210,196
48,46,41,43,82,157,182,170,140,128,138,122,88,106,120,87,80,106,145,179,197,200,197,191,184,187,184,181,184,180,176,173,175,176,178,180,178,180,183,187,190,188,191,189,163,129,119,135,110,105,64,100,76,72,77,82,66,57,60,50,78,47,42,98,98,46,45,50,56,90,102,84,83,79,71,79,110,120,116,117,129,124,120,123,125,126,132,123,114,124,119,116,144,121,166,195,194,199,209,142
48,48,44,40,42,97,142,160,141,133,134,86,77,107,74,74,91,126,170,200,204,197,194,193,191,194,191,184,178,175,176,178,180,176,172,176,174,171,176,180,184,183,176,181,168,161,126,119,86,95,69,80,66,53,61,57,53,49,54,41,65,70,63,79,80,58,49,54,61,71,98,84,79,70,70,70,77,111,132,121,126,134,122,112,111,121,131,128,112,104,118,117,129,141,172,197,197,210,200,101
45,43,40,38,50,93,133,151,146,138,109,75,103,70,55,84,105,141,182,202,199,194,196,195,194,197,198,191,179,168,174,174,176,175,172,172,173,169,170,177,182,181,173,174,171,156,137,118,70,88,101,78,42,40,43,50,50,47,48,50,37,71,98,83,59,71,55,50,69,73,87,76,50,53,67,67,75,113,130,104,114,129,139,130,119,117,120,127,119,104,121,128,116,138,186,199,205,218,195,93
48,46,43,41,44,74,139,152,143,135,86,83,81,41,62,85,112,154,184,199,198,200,198,197,196,197,195,195,199,184,173,169,164,167,176,177,174,166,164,169,179,187,187,178,178,179,168,156,114,87,95,113,65,39,43,46,46,46,45,45,42,86,113,80,52,66,49,80,81,69,82,61,42,45,53,79,81,71,93,93,108,126,130,136,135,125,110,112,127,122,117,124,119,111,159,200,213,213,196,95
50,51,48,46,49,58,131,158,144,128,74,82,52,45,59,84,114,160,186,198,201,203,200,199,197,199,201,199,195,194,185,172,159,160,176,184,174,166,159,161,167,181,192,187,180,182,176,161,141,147,93,103,127,63,32,39,46,43,53,53,64,123,110,49,59,66,52,88,73,71,84,51,50,48,44,60,87,49,51,52,106,127,121,132,137,139,123,104,118,122,118,121,116,102,120,195,213,217,194,99
50,47,44,42,48,48,124,163,153,116,72,72,43,44,65,94,127,174,199,206,207,204,202,201,198,200,199,197,196,193,185,177,172,164,158,178,185,165,158,161,167,174,189,196,182,176,187,147,140,168,158,99,131,138,56,29,36,36,71,86,95,127,65,40,70,67,64,73,64,83,65,45,48,48,44,47,74,69,43,48,106,124,115,126,116,123,132,122,111,115,117,111,106,107,100,165,217,223,177,94
55,55,51,49,51,45,124,168,154,94,72,55,43,47,73,101,139,181,204,212,214,209,204,203,201,201,201,198,197,193,188,183,177,167,160,158,176,176,163,162,168,172,183,187,186,168,170,136,148,165,178,166,113,132,132,43,31,36,45,37,68,125,57,55,64,76,64,66,76,64,47,46,48,53,45,37,57,94,48,57,82,82,96,94,92,120,121,129,128,107,108,111,111,113,101,143,215,220,148,90
56,57,54,51,56,58,134,171,140,71,63,38,42,49,80,112,153,192,204,210,212,208,206,205,203,202,202,199,197,193,191,189,181,172,167,157,149,164,173,172,167,169,178,185,189,163,168,146,154,169,171,175,159,116,147,121,38,33,33,33,92,96,47,84,82,80,56,60,57,55,48,53,55,64,53,42,45,99,56,57,73,54,78,75,88,95,124,132,128,123,106,108,124,118,112,132,212,202,118,104
55,53,54,55,56,65,137,168,124,74,55,37,35,54,84,118,169,198,208,211,210,208,208,206,204,204,203,200,199,197,194,190,185,172,168,168,155,149,160,169,171,172,174,199,188,175,171,154,157,170,173,179,178,155,120,151,108,36,30,40,116,72,61,107,105,65,50,61,47,52,54,43,53,58,66,46,36,89,59,41,48,48,60,87,105,115,132,131,127,126,120,116,115,112,115,137,212,161,105,112
57,56,54,54,51,82,134,172,110,75,43,39,41,64,91,127,177,202,211,212,210,209,208,206,204,204,203,200,199,197,193,189,185,172,171,171,167,156,153,160,166,168,167,190,198,175,163,150,168,179,185,186,170,181,144,121,155,92,28,58,139,85,78,79,88,80,43,51,63,47,60,46,54,57,50,60,53,89,47,36,42,72,56,52,85,105,116,128,130,128,126,130,108,116,113,159,199,122,110,116
61,58,53,49,44,83,149,170,96,65,37,41,51,76,102,139,186,208,213,213,212,211,208,206,204,204,203,200,199,195,192,188,186,174,173,173,171,164,158,155,158,161,160,173,192,184,164,133,162,187,192,184,175,170,168,136,122,146,72,70,110,36,40,76,62,73,45,57,68,52,51,51,45,74,51,50,82,74,41,46,32,74,91,50,57,67,95,127,137,132,129,136,120,110,120,172,164,117,117,117
60,61,50,44,56,77,157,159,88,55,40,42,56,84,109,150,190,211,215,214,212,210,208,206,203,202,201,200,199,195,191,186,186,177,176,174,168,166,162,157,156,157,155,164,174,192,170,135,175,191,186,186,167,164,163,166,122,131,139,107,56,26,43,88,54,45,52,67,67,57,39,53,44,64,78,55,65,43,45,54,55,59,81,34,60,55,64,102,124,128,131,134,134,115,117,134,126,127,120,118
58,58,57,48,57,91,164,147,78,51,41,40,55,90,117,163,195,207,214,213,210,208,207,204,201,197,197,198,199,195,190,184,181,180,177,175,175,169,161,161,164,162,159,156,162,177,177,163,185,187,188,181,163,165,163,166,170,122,119,115,48,27,43,99,61,51,70,60,59,72,41,52,43,47,82,92,59,50,51,49,65,69,85,34,58,77,51,91,116,120,130,132,126,127,111,120,95,122,127,108
57,61,65,62,61,102,172,128,68,49,45,40,53,84,123,172,207,208,211,211,207,206,203,201,198,195,194,196,196,191,186,180,178,178,178,178,174,173,173,168,162,162,160,150,144,158,183,179,186,181,187,182,160,160,172,170,172,164,100,121,105,37,46,52,78,46,93,58,44,84,48,55,46,46,67,87,95,70,43,42,40,90,90,31,48,97,58,68,123,118,127,133,124,116,157,164,120,129,145,118
60,62,62,58,63,114,179,115,67,45,40,41,46,64,111,160,193,206,211,209,205,203,200,197,194,193,192,194,193,188,183,178,174,176,179,181,177,173,169,161,151,141,132,121,105,83,127,182,190,190,193,182,157,156,170,186,166,181,152,101,143,82,38,55,81,48,88,71,36,66,55,53,44,38,47,56,61,70,61,51,33,77,104,46,38,85,81,55,85,120,116,127,128,126,121,86,67,91,147,162
58,54,66,55,66,133,181,97,66,46,35,42,47,52,82,121,158,186,205,206,205,203,198,195,194,189,191,193,191,187,179,174,177,179,179,178,175,162,143,118,99,86,98,102,107,103,97,120,184,198,193,184,159,152,172,191,177,170,184,134,107,142,56,39,60,60,78,68,49,75,61,47,49,49,47,60,48,60,53,48,39,62,125,65,38,65,96,70,49,87,96,109,169,173,108,42,36,45,81,152
66,66,67,52,72,143,177,88,62,47,38,44,60,70,79,93,100,118,147,174,193,198,202,192,194,189,190,194,190,185,175,172,173,176,175,165,137,102,75,66,71,87,124,137,147,145,155,136,129,173,201,190,176,156,161,191,189,179,170,178,119,130,118,43,45,60,68,73,71,86,46,40,46,51,59,65,60,71,63,46,31,73,121,90,48,43,98,83,59,77,71,90,135,159,135,59,38,51,76,149
63,66,63,54,84,148,169,85,57,45,45,48,72,106,116,122,97,93,91,97,127,165,188,188,192,188,191,194,189,181,172,168,166,172,161,119,78,69,77,91,108,128,142,167,140,137,148,143,125,118,160,196,192,170,154,182,199,183,173,176,171,121,149,84,28,56,59,97,90,48,35,42,40,50,81,76,58,56,68,46,34,93,82,83,84,44,54,88,75,63,74,91,83,125,128,50,47,54,79,154
62,68,54,47,97,138,173,80,55,43,48,63,64,81,86,110,101,99,109,105,113,134,162,188,192,187,191,195,190,179,168,166,161,153,134,109,102,104,104,119,102,106,116,143,81,98,115,110,110,112,99,140,198,186,161,170,198,197,185,171,179,162,118,139,51,29,55,72,46,39,49,43,36,51,102,65,37,40,74,45,49,104,51,40,106,75,69,99,95,60,49,67,88,130,121,93,129,128,143,163
63,73,54,56,103,141,171,79,59,40,44,57,67,70,58,58,54,54,59,70,99,119,142,171,192,195,196,195,193,176,163,161,155,145,131,120,120,128,119,99,67,53,56,73,50,57,61,65,74,83,88,79,124,194,184,177,191,203,195,173,170,186,132,130,112,35,48,39,45,46,47,38,38,85,95,48,39,45,87,45,61,87,48,38,95,88,78,62,114,87,65,66,46,56,64,101,168,153,162,154
60,68,55,71,100,149,166,72,60,40,43,46,64,56,54,58,46,40,47,54,50,54,88,133,182,201,203,195,193,178,162,157,145,139,133,128,130,140,104,48,39,41,59,56,51,48,46,52,52,51,63,72,67,116,186,188,192,200,198,180,173,173,180,120,147,76,33,35,46,43,34,51,94,113,55,35,37,45,89,51,59,67,53,37,105,96,85,65,102,114,81,93,68,35,39,73,108,86,125,155
59,72,64,70,94,156,162,65,60,41,45,51,51,54,56,51,47,73,115,79,63,52,43,54,125,197,208,208,195,179,161,152,142,139,131,126,131,110,52,36,45,78,135,130,70,53,45,47,49,48,47,52,67,62,120,191,191,196,201,188,179,169,179,160,116,130,51,34,35,47,64,95,118,58,36,38,44,54,96,64,49,61,54,38,103,113,86,88,65,83,82,65,117,75,28,46,64,62,102,141
61,78,65,76,98,155,156,62,65,39,45,49,51,56,55,44,60,122,161,111,90,48,45,46,61,147,213,216,201,176,159,151,144,139,127,119,127,89,77,59,96,174,199,162,78,65,36,66,56,76,53,43,57,75,78,125,199,198,203,197,181,177,168,188,129,134,88,39,42,63,77,51,56,46,45,44,47,70,95,52,42,48,50,44,75,107,98,99,50,37,96,61,61,101,66,42,39,66,96,139
60,71,73,85,99,162,154,56,71,47,54,47,50,47,42,50,85,142,170,83,80,61,72,69,73,98,188,217,210,180,160,150,138,130,120,112,113,98,107,85,165,204,207,162,68,79,70,87,72,104,68,40,55,73,98,93,150,200,202,205,191,180,165,172,173,108,125,68,43,43,46,39,48,48,43,43,49,97,75,43,42,44,46,47,70,111,92,108,56,47,63,73,50,51,94,80,36,48,64,131
55,69,84,85,98,172,148,52,76,46,44,45,49,44,38,48,85,140,178,124,79,89,94,86,121,103,159,224,212,189,164,146,132,126,119,114,108,120,106,121,184,201,204,197,126,71,67,69,114,108,62,53,95,114,120,116,105,155,204,198,199,188,167,155,168,122,103,90,38,40,36,41,48,47,41,48,46,97,57,40,48,49,48,41,71,134,98,123,71,60,70,63,74,52,63,95,63,41,44,50
49,71,89,82,100,175,138,54,79,53,51,46,50,52,53,52,76,135,173,181,131,97,96,130,127,96,145,216,215,196,166,144,131,128,124,120,122,121,118,141,157,197,209,210,194,133,101,122,124,96,76,98,126,136,134,118,116,111,154,193,200,205,188,174,161,176,109,126,77,37,39,37,49,46,42,58,46,62,50,37,50,52,45,49,88,126,84,120,88,83,80,77,69,54,70,77,99,64,39,33
54,62,88,83,111,182,133,51,76,57,57,51,51,54,71,60,56,105,143,163,165,147,140,134,120,120,159,211,221,196,163,145,133,128,123,121,131,129,134,153,167,182,183,179,165,153,139,127,115,102,111,131,146,145,134,126,129,124,102,149,196,199,194,186,165,184,153,111,124,40,34,41,51,49,45,54,53,50,47,37,44,48,53,66,117,132,82,130,89,82,84,76,74,41,44,69,108,110,91,61
45,62,91,76,127,182,128,49,73,61,53,48,52,55,76,80,70,67,75,106,121,120,133,146,147,166,183,217,225,194,160,142,131,128,127,125,122,133,158,173,167,154,117,119,137,130,104,112,119,138,135,144,148,145,139,135,134,127,115,95,145,203,202,192,179,171,181,114,133,88,27,35,39,50,51,43,44,47,47,38,44,43,72,97,98,132,114,126,82,63,92,67,93,50,36,40,86,73,74,103
50,56,85,74,148,181,121,46,71,65,49,42,47,53,78,90,99,80,88,118,122,122,124,139,142,152,182,219,216,189,156,139,128,130,131,132,121,130,150,149,153,155,138,131,134,134,122,131,134,150,149,147,147,147,144,145,140,131,126,103,82,153,204,197,183,170,173,147,108,136,51,28,32,47,49,46,46,45,47,48,47,46,45,115,116,126,122,101,78,65,99,70,81,49,51,68,99,116,91,125
52,56,77,78,149,179,122,48,70,65,49,43,54,62,85,102,107,104,109,126,128,139,143,151,163,175,194,218,213,185,158,134,129,129,132,138,132,135,154,160,165,165,161,153,146,143,140,143,143,147,151,154,153,150,150,151,141,136,130,114,98,86,159,204,190,174,166,175,118,137,99,35,37,44,44,51,48,45,48,48,47,54,69,89,129,119,102,79,88,110,82,72,73,41,51,91,117,135,137,102
52,53,73,84,154,178,117,44,69,65,51,45,54,64,90,108,115,116,124,129,131,146,151,156,168,180,196,219,214,182,157,131,129,128,132,140,137,135,151,164,164,167,171,169,166,161,159,160,162,164,160,163,159,153,154,152,142,135,129,118,109,88,79,175,211,191,186,182,146,108,142,63,35,45,48,51,46,45,47,47,44,47,57,99,91,87,91,118,120,92,53,75,60,44,43,63,98,73,91,105
55,46,65,90,166,175,107,37,66,65,55,49,53,64,96,113,121,121,129,136,138,150,153,164,171,180,201,222,210,180,149,127,129,129,132,140,141,138,149,163,166,169,172,173,173,172,171,172,174,175,167,166,164,156,154,152,142,134,129,120,114,102,76,83,194,200,193,176,172,121,131,114,44,47,50,51,45,44,48,49,50,49,43,99,145,94,83,126,106,65,88,105,63,49,41,44,100,88,67,107
56,41,58,95,169,172,105,37,64,65,59,53,53,64,101,118,125,125,128,132,135,148,155,168,173,181,206,224,206,177,143,124,129,128,132,141,146,140,149,163,169,171,174,169,170,172,173,172,174,176,170,170,167,159,154,152,142,133,129,124,120,102,89,56,97,201,195,187,181,148,101,138,76,41,45,51,44,43,49,45,57,80,89,89,109,148,129,92,95,95,101,81,52,44,40,37,62,115,108,99
55,46,53,111,167,173,93,40,67,68,60,52,55,59,100,118,127,128,131,133,141,148,160,165,167,180,208,221,206,171,142,128,126,131,137,143,150,147,152,161,167,173,177,173,175,178,176,172,179,176,175,171,163,157,152,147,142,133,128,124,121,111,93,67,37,128,207,193,186,171,111,129,117,45,41,47,48,48,49,48,61,100,135,119,47,57,82,123,107,82,73,51,46,44,40,46,50,68,119,125
43,38,43,130,153,163,84,40,66,70,56,55,52,58,94,118,127,130,132,136,144,149,161,164,166,182,211,221,204,166,140,130,126,131,136,142,148,146,151,159,165,170,175,176,177,177,177,180,183,178,174,168,160,154,151,145,140,133,128,124,121,114,95,70,43,51,163,204,190,179,149,111,137,78,33,43,45,46,44,45,65,100,135,117,57,35,50,80,63,80,54,49,50,47,47,49,53,44,87,102
46,35,52,148,150,163,76,36,63,75,51,58,47,58,87,119,126,129,134,138,146,151,161,164,167,187,214,221,201,162,139,132,127,129,136,141,146,144,148,156,161,167,172,170,174,181,183,181,181,172,170,165,156,150,149,143,137,132,128,124,122,117,98,73,53,38,72,194,191,184,184,114,131,118,35,39,41,43,42,41,73,133,134,115,59,32,59,66,62,62,47,55,47,47,50,44,45,59,84,59
44,35,72,153,153,167,70,35,60,76,49,56,46,58,81,116,127,129,134,140,147,150,158,163,167,185,217,220,194,159,139,133,126,129,134,139,142,141,147,155,160,165,170,174,175,178,178,178,177,167,165,161,155,151,147,142,137,133,129,125,123,116,100,76,52,47,41,116,203,195,191,139,111,137,68,35,38,38,39,39,116,145,110,118,71,32,64,57,51,53,48,50,50,50,56,51,46,55,66,85
44,39,89,152,157,162,60,32,60,75,50,52,48,53,74,109,127,130,133,140,146,148,153,162,166,185,219,217,185,156,139,131,125,127,132,136,138,137,144,154,159,165,168,170,173,177,178,174,175,167,160,158,155,152,145,141,137,135,131,126,122,111,97,77,56,52,38,47,176,215,195,180,113,124,113,38,43,35,44,108,161,116,99,113,62,44,56,41,75,55,44,45,47,48,55,57,58,63,51,106
49,46,103,149,154,150,59,35,62,78,60,57,50,45,65,102,124,130,132,138,145,147,154,159,160,197,221,211,180,153,136,127,122,125,130,135,135,134,141,151,158,162,166,170,171,171,172,170,166,164,160,157,154,151,144,139,134,133,130,125,120,109,95,73,59,67,39,29,93,202,207,200,137,112,136,54,33,31,71,164,110,81,138,135,80,58,60,65,72,56,42,37,44,46,57,62,62,54,61,116
46,37,112,150,156,140,55,35,64,80,67,60,52,39,58,97,121,130,132,137,144,147,155,157,156,208,223,206,176,150,132,124,119,123,128,132,133,131,138,149,156,160,165,170,170,166,168,167,159,161,159,155,153,149,141,137,133,131,129,124,119,107,93,72,56,74,43,34,31,127,214,201,166,113,128,100,30,31,67,128,64,91,176,171,105,75,51,79,102,84,50,35,37,37,51,59,62,57,95,103
46,38,120,149,162,135,45,28,62,77,66,57,49,43,47,90,115,130,133,138,145,150,155,156,161,213,227,201,164,148,132,123,120,123,128,132,128,130,134,144,153,160,165,166,165,163,163,161,158,156,155,154,151,147,141,137,133,132,129,123,119,106,91,74,63,79,42,35,31,37,162,208,195,132,116,124,47,28,42,81,46,112,188,140,115,101,72,72,108,76,52,44,36,38,50,62,50,51,100,90
40,56,134,148,162,119,43,33,61,75,68,61,51,44,38,73,113,126,130,137,144,149,152,152,163,216,226,197,163,145,132,124,125,128,132,134,126,121,133,146,149,157,163,164,163,162,161,159,156,153,152,152,149,145,140,136,132,131,128,122,119,107,90,75,71,89,46,40,41,33,55,175,208,163,116,135,87,43,32,46,40,74,106,71,88,124,130,77,76,91,56,50,45,50,45,42,40,49,89,77
41,75,142,152,162,98,41,41,59,74,72,56,49,49,43,52,100,124,130,135,142,147,147,145,164,219,222,193,164,142,132,127,133,137,137,138,132,111,123,143,146,153,159,161,161,159,159,157,153,151,151,149,147,144,139,135,131,130,127,121,118,106,90,74,72,91,45,38,41,32,45,130,163,174,117,109,124,104,29,41,43,41,74,90,90,126,142,94,88,79,57,38,43,59,63,48,40,69,91,91
43,87,142,162,163,85,38,43,57,73,72,62,53,47,40,40,79,122,130,132,142,145,147,145,162,219,219,191,163,138,125,126,139,144,142,141,138,111,114,142,145,151,158,161,160,158,157,154,152,151,150,148,145,142,138,135,131,129,126,121,118,108,91,73,77,98,49,42,46,37,42,107,177,150,130,143,160,171,91,26,41,36,39,55,111,109,60,75,125,80,53,35,54,47,58,67,46,87,68,103
41,93,140,165,158,76,37,41,55,73,69,63,53,50,41,42,56,108,127,132,141,145,150,145,153,198,203,178,152,129,119,127,128,110,109,133,138,120,116,144,148,153,157,160,159,157,155,154,153,152,150,147,144,142,139,135,132,129,126,122,119,110,93,73,81,96,46,40,50,39,30,52,124,182,183,173,174,180,144,35,36,37,38,42,88,97,56,34,58,64,43,36,72,53,50,51,52,124,66,135
43,100,135,160,147,58,44,46,57,71,69,66,55,52,43,49,47,81,122,133,136,146,147,142,151,173,194,162,137,124,111,97,92,66,63,112,136,124,126,145,149,154,158,159,157,155,154,153,151,150,149,147,144,141,138,134,130,128,125,121,118,109,96,79,90,101,45,43,49,40,35,37,42,118,197,191,186,179,159,56,28,41,39,41,39,138,117,63,63,42,38,37,60,77,68,44,59,126,66,156
45,116,138,162,138,42,48,50,58,69,68,68,57,54,45,47,49,57,112,135,131,143,147,147,160,171,184,165,131,113,98,108,122,124,123,120,124,124,141,151,149,155,159,158,156,154,153,152,150,150,149,147,144,141,137,133,129,127,124,121,117,109,99,85,99,105,44,44,46,47,53,43,35,44,163,190,175,164,144,98,51,48,59,55,44,77,120,70,36,33,40,79,93,58,48,30,74,121,97,145
52,122,138,165,132,40,41,53,62,71,75,75,59,57,48,46,48,46,88,125,132,141,146,151,157,166,183,190,172,153,128,122,137,131,131,129,130,136,147,153,154,156,159,158,157,154,153,152,149,147,149,146,141,138,137,133,130,126,124,120,118,114,100,83,102,106,55,41,39,53,72,62,38,27,64,174,162,123,113,116,129,112,104,86,50,43,87,89,37,30,61,137,136,47,51,24,100,117,127,125
63,113,137,171,113,39,44,62,58,75,76,83,61,58,44,46,47,47,60,116,130,132,144,150,153,164,180,195,200,189,156,149,156,138,135,136,143,147,152,154,155,157,158,157,156,153,152,151,148,144,146,144,140,138,137,133,129,126,125,122,119,114,102,85,103,113,52,41,50,55,59,55,49,49,37,119,198,128,103,105,150,165,123,106,94,77,62,73,55,30,76,153,113,45,48,46,123,126,137,94
79,112,143,168,89,37,49,65,58,76,73,86,62,65,46,48,48,50,51,94,134,136,142,147,150,163,178,190,193,185,166,182,185,156,142,144,150,152,153,153,153,155,157,156,154,152,151,148,146,142,142,141,141,140,137,133,129,129,128,125,121,113,104,92,102,103,49,52,54,55,59,56,53,57,50,50,157,190,126,95,101,178,171,140,129,125,66,37,60,61,67,106,91,62,55,83,138,124,125,79
94,113,148,158,80,37,48,59,64,74,70,83,59,73,50,47,49,50,52,56,122,137,140,145,150,158,181,200,201,188,171,193,200,168,147,147,151,149,148,149,153,154,155,154,153,151,149,146,143,142,139,140,142,141,137,132,129,130,129,126,121,113,103,95,109,99,50,50,59,65,63,52,51,51,45,35,55,165,138,87,91,133,187,172,152,157,125,47,52,50,64,85,91,90,70,108,138,114,102,93
104,108,142,159,75,37,48,56,64,70,70,81,65,68,49,45,49,50,50,46,96,135,139,143,148,155,175,192,205,190,172,202,208,175,154,153,152,150,147,147,154,150,149,147,152,150,145,143,139,143,140,142,141,137,138,130,130,129,130,126,117,117,100,96,104,95,45,42,52,69,59,51,48,48,54,48,38,76,165,105,89,100,177,188,160,153,132,89,67,44,56,51,86,118,74,125,133,123,96,70
116,112,147,150,66,35,49,60,60,67,66,79,73,61,55,47,51,53,44,45,67,131,138,139,141,150,184,200,211,190,175,203,204,179,161,155,151,149,146,145,150,145,145,146,145,144,143,141,138,142,139,142,141,137,138,130,130,129,129,125,116,111,91,97,100,89,44,44,58,73,60,51,49,48,54,57,49,37,105,150,92,89,120,186,174,153,123,101,106,95,43,38,55,144,114,120,123,114,68,67
119,118,154,142,56,32,48,67,64,71,72,81,73,63,56,49,53,55,45,45,49,108,139,135,133,146,184,178,179,194,201,190,182,169,162,157,151,148,145,142,145,141,142,145,138,139,142,139,135,139,139,142,141,137,138,130,130,128,128,123,116,106,82,100,96,83,41,45,64,78,60,51,49,48,54,83,56,40,43,142,132,93,93,134,192,178,144,132,153,138,89,44,31,96,148,121,125,72,57,91
130,120,148,135,47,35,50,68,64,81,77,82,67,67,53,51,53,53,52,48,44,74,134,143,126,115,142,145,137,155,159,143,139,132,138,144,141,139,143,139,140,142,138,136,130,129,136,140,138,140,141,140,138,135,134,129,130,131,128,125,113,100,77,95,94,85,44,46,69,74,66,54,49,47,49,86,59,42,36,59,162,116,91,92,145,201,198,197,176,124,117,69,57,115,137,101,75,63,97,76
136,125,146,124,44,38,56,66,53,79,73,74,65,67,60,53,51,50,54,49,45,49,111,148,133,105,110,105,86,104,131,132,121,105,106,108,108,110,121,121,125,122,114,104,92,89,126,142,142,141,141,139,136,134,131,126,129,131,126,123,109,96,77,91,87,80,40,43,76,70,63,50,47,47,50,76,50,46,48,34,99,169,98,101,100,167,207,206,183,132,139,141,99,104,107,89,88,100,85,69
141,136,154,108,46,41,66,67,48,77,74,71,70,60,67,56,51,46,53,49,46,44,73,141,147,133,129,124,110,118,125,121,120,108,101,99,104,105,113,107,99,91,89,94,108,115,125,145,144,144,141,138,135,133,129,124,127,128,122,120,105,91,77,88,80,75,39,45,78,65,58,53,49,44,56,67,42,48,54,49,48,149,155,96,94,120,204,214,203,149,126,135,87,64,67,83,137,93,71,93
145,143,159,97,46,41,73,70,49,79,80,75,78,52,65,59,51,43,52,49,45,48,41,103,147,142,144,140,137,160,